,Mean R²,Std R²
Random Forest,0.9956492534516077,0.0012146172524424524
XGBoost,0.9949009946108791,0.0015366280264551102
Linear Regression,0.8673984579895618,0.01696369728416276
